 Y,X1,X2,X3,X4
11840.858369,31.570260,4.653331,2.317243,4.176839
688.908724,13.831728,7.375914,2.097394,4.776010
677.925090,14.410852,4.990904,2.120910,4.658452
74.611247,4.769965,2.400047,1.882066,4.393845
555.913543,14.380501,2.765885,2.807044,4.190740
65.631553,4.885941,4.211189,2.495438,4.545100
128.910627,6.856211,4.710566,2.975986,4.111672
75.440279,8.833747,3.171516,2.101454,4.787055
89.361864,2.868208,6.964886,2.916463,5.388247
79.957615,1.633255,5.101464,3.050781,3.877384
158.047601,8.221218,5.764809,2.984450,4.300335
1548.622411,18.341470,5.504877,2.550905,5.043469
659.797705,14.870512,4.760480,3.214621,4.965849
123.554366,2.492536,8.652317,2.091455,4.558553
943.623717,16.034366,5.893330,1.954016,4.488847
1176.524045,17.338608,0.143443,2.647464,4.508662
78.285112,3.505131,5.568832,3.224680,4.755590
-16.947664,2.112166,1.058334,2.321731,4.133276
-13.504829,1.772341,3.668810,2.482964,3.592866
219.615310,5.009659,8.047874,2.105652,6.162747
57.156183,0.986994,3.095462,3.083755,4.123757
96.358349,1.015028,1.484498,2.917780,3.517406
201.846896,9.663115,3.520189,2.517221,4.096619
123.570428,6.488444,3.993868,3.177108,4.433584
257.644860,9.883246,6.463697,2.734354,4.958217
548.397921,12.512304,6.645160,2.155697,4.447890
590.638463,12.764904,5.655109,2.974026,5.262396
255.513203,11.061755,1.101571,1.972779,4.560710
223.982915,8.786743,6.600897,2.905984,4.944368
53.078859,4.285107,5.797360,2.324168,2.939956
133.626016,3.276206,5.461770,1.299477,4.813522
3796.870828,23.507506,0.272416,2.306433,4.785768
85.365869,2.542933,7.734157,2.330140,2.504326
350.981720,10.721356,3.877950,2.492572,4.612777
77.182107,4.510525,6.945850,2.047370,4.643604
204.626378,1.763382,9.359395,2.205012,4.044947
296.713863,6.296113,5.589597,2.636656,5.680743
703.027187,14.279560,5.959152,2.247624,4.565948
431.989385,11.359134,5.858645,2.482796,4.213408
718.194580,14.563877,2.019762,1.931065,4.291089
328.735246,11.644992,1.793426,1.925408,3.472548
295.069883,10.682860,4.859120,2.858417,5.048216
137.955441,3.300225,6.364991,2.469019,5.261740
279.727313,10.729075,5.221288,2.972212,3.784937
3247.727261,22.432181,6.460219,3.229868,5.269918
902.330956,15.882057,2.383555,3.027104,5.662184
191.445823,7.283424,5.076552,2.311898,4.453916
138.543525,9.880807,6.070513,3.231343,4.822284
57.277785,4.579246,5.962398,2.864209,4.509687
952.757380,16.113913,7.631628,2.905403,4.435986
15605.682964,34.017968,3.926166,3.238511,3.039323
1273.579983,17.732768,5.797539,2.856852,4.353454
285.080143,9.293935,10.915662,1.980457,3.649598
220.552228,8.882275,3.857249,3.295187,3.499593
5.122401,4.112437,2.204434,2.384758,4.298912
66.244964,9.205644,0.223991,2.437091,3.908503
98.052745,7.821508,4.880419,2.347705,5.073196
4.315406,5.650464,2.692784,2.722821,4.673208
2643.985934,21.013143,4.714878,2.329187,4.832212
130.900235,3.716673,2.540095,2.546706,3.379915
-27.908666,1.921788,5.693324,1.631745,4.113527
146.974398,3.493897,5.478809,2.862116,5.115857
928.380878,16.444708,1.380772,1.764459,4.701940
3133.446304,22.190950,6.334458,2.601165,3.799575
321.985420,12.099490,5.439184,2.741588,4.512191
80.151451,7.430543,3.763864,2.645605,4.460668
198.404290,7.628279,7.080109,3.106863,3.171163
5015.314881,25.244606,5.596157,3.168604,4.951800
103.273402,5.076463,7.336757,3.198216,4.061582
875.275572,15.872717,2.677556,2.968402,4.639593
751.609961,14.843743,1.943920,2.933237,4.459125
9.387581,2.785665,4.720911,3.060240,5.050203
133.144842,8.559015,4.180635,1.625671,5.249852
1225.635870,17.183823,8.495895,2.678716,5.708956
55.182051,0.314344,2.203583,1.910577,4.203882
93.236133,2.997070,5.060382,3.055173,4.601539
537.663948,13.791694,5.179851,1.833506,4.497838
230.245186,10.037009,6.223334,2.559313,3.927024
55.373905,4.969607,3.336290,2.180063,4.301513
87.359380,4.855812,1.508930,2.585428,5.224140
103.743807,3.909941,6.924406,2.254205,4.437513
57.895823,3.159125,2.365868,2.919800,5.397961
30.416815,1.855346,7.043578,2.628786,3.817001
852.367767,15.979837,1.765592,2.407105,4.607566
77.619433,1.000593,3.737867,2.707742,4.073456
104.827140,1.468244,5.106027,2.543461,4.928407
1702.764403,18.435787,12.997217,2.654259,4.576297
366.769801,13.297856,1.694957,2.431161,4.435230
155.237859,6.221605,6.859603,2.855623,4.086499
145.040897,3.997638,4.001761,3.009978,4.085554
118.253735,5.004363,3.672768,2.803820,3.756707
161.621865,4.690447,3.953440,2.487347,4.439596
272.888469,11.127601,6.905821,1.813171,4.248863
858.335570,15.696701,2.102856,1.513464,5.343170
-48.360639,1.411020,2.822254,2.503105,3.476802
325.695615,10.464610,5.927925,2.477278,3.973344
1666.983473,18.964355,6.050727,3.148244,3.984622
175.416312,6.651784,1.198912,2.667534,5.206171
2561.594410,20.986144,4.581837,2.602090,4.913895
26.013258,1.149555,4.517785,3.370049,4.622455
26.137132,2.279645,4.275378,2.583675,4.988149
89.994734,0.425036,5.408228,2.094133,4.929084
254.662625,10.771879,7.086240,2.917929,4.395808
552.240038,13.571340,7.126540,3.120255,3.556374
2638.307982,21.277244,3.271089,2.819279,5.247803
608.908521,13.874941,9.131786,1.893405,5.065461
103.922733,8.807332,1.584065,2.439199,3.692416
420.754106,13.040614,5.518691,2.201215,4.857400
2532.234532,21.083459,1.365010,2.814829,4.711157
267.653752,9.385531,9.997054,2.416231,4.464046
102.931714,1.418553,2.332603,2.547737,4.019581
190.217658,5.586916,3.170960,2.659485,4.189029
99.449155,0.676838,5.575588,2.433006,4.841437
132.325231,8.533846,3.116486,2.940529,4.944155
146.036427,8.422090,9.613583,2.846821,5.446308
1811.648575,19.213531,1.776361,3.591426,4.008053
1711.014082,18.817251,5.915013,2.629455,4.234241
15.371938,4.408578,2.673776,2.485625,3.047355
4240.558623,24.112615,6.747913,2.083101,4.641880
67.041221,0.268871,5.213281,1.780191,3.865398
62.173281,2.397786,4.631220,2.623655,4.864816
53.119484,1.398653,3.043754,2.542335,3.804828
300.808132,9.931294,6.316451,2.811180,4.657698
53.781870,1.237143,5.466508,2.563835,3.562712
546.923547,13.866699,2.348597,1.848196,4.458346
62.284987,2.978703,5.231805,1.644327,5.306750
223.954721,2.718365,9.701585,2.523315,4.120429
774.081557,14.912952,3.039472,3.163800,4.444719
140.072828,1.934838,7.803352,3.617028,4.040684
83.193268,8.045104,6.030258,3.428719,5.196630
52.708221,3.268116,3.005802,2.759149,3.882051
358.589394,12.219995,2.309392,2.563360,2.776775
146.737959,7.918342,2.305558,2.660583,4.950310
129.251057,1.947698,7.487365,2.919850,3.167615
68.819263,5.820084,2.682574,2.252640,4.901719
183.065073,8.032005,3.170844,2.288103,4.800204
1266.145410,17.315354,8.098133,1.962456,4.944313
2670.574542,21.308519,5.123835,3.067922,3.793109
639.319167,14.244074,6.421366,2.197212,5.031124
2721.642723,21.610769,3.692576,2.913561,5.276615
66.705956,1.357904,3.234510,3.478129,5.055042
227.390879,9.772235,1.929563,2.589974,5.306509
310.430236,11.577985,4.818102,1.938445,4.962408
256.582250,7.941643,5.525753,2.788738,6.163615
16.731813,3.479907,4.392941,2.020438,3.389106
477.442585,13.080273,4.897167,3.537111,4.326287
3151.025247,22.411211,4.515035,1.873540,4.541313
1453.416451,18.427519,4.782899,3.512383,4.652859
250.620535,10.839965,4.922879,2.262365,3.654581
9.595126,7.378157,3.553571,3.180313,3.517923
28.715393,3.655998,0.457393,2.753078,4.525572
1958.293468,19.650954,5.690147,3.337749,4.746609
63.902494,4.940800,6.790504,2.816264,4.469068
14.753174,2.693611,4.610612,3.137588,4.541947
1804.405960,19.015527,7.754204,2.685199,4.724607
3189.549779,22.348945,3.940638,3.555191,4.712549
159.514850,8.262431,3.476941,3.317863,4.842172
68.210098,5.695930,6.679254,2.114136,4.203130
388.855678,11.922455,5.429036,2.509055,3.839404
606.504252,13.278697,6.407550,2.664568,5.594663
1688.590918,18.974161,2.434892,3.119058,4.421014
31.645032,3.841962,5.473191,2.084524,3.926575
75.846864,2.686188,2.183515,2.557743,4.541681
11847.383969,31.635907,7.070362,2.376659,5.233720
451.797015,12.890869,6.199773,2.070532,4.740808
-4.815172,5.074119,1.528479,2.445729,4.186704
515.410204,12.571546,7.278258,2.661192,4.669891
144.064561,9.544144,3.521336,2.486020,4.852746
582.970337,13.588054,6.702457,2.538695,4.267938
-13.665627,1.618903,3.937790,3.018282,4.052107
6497.798935,26.926479,8.638328,2.381306,4.835009
780.946293,15.047179,5.483300,2.688140,4.852757
823.039398,14.747226,8.346462,1.592210,4.289165
81.701414,3.190217,2.044122,2.052762,4.763309
192.154878,6.639653,4.490191,1.621169,3.515045
926.667148,15.856102,3.883113,2.718222,5.133343
291.071172,10.493084,8.009194,2.477796,5.060720
79.867796,4.001047,6.312983,1.871700,4.019364
1475.064423,17.830402,6.902571,2.552948,5.831263
127.470913,1.107347,3.031075,2.254172,4.902081
143.087310,7.919984,7.589580,2.535244,4.840750
227.801973,10.668397,7.643456,2.594251,3.949883
147.203044,6.955268,6.090748,3.302917,4.331773
784.104806,15.043956,4.226106,2.865751,3.792085
196.456197,9.611534,3.963223,3.046877,4.857052
340.918861,9.057893,8.960208,2.842517,4.847739
148.929298,2.881864,6.538322,2.191024,4.383680
405.290447,12.609807,2.237476,2.677809,4.460859
159.245974,8.967684,8.030632,2.753809,3.680563
111.447009,3.145224,6.127888,2.654541,3.606413
1998.270028,19.748836,8.026489,2.358851,3.884291
160.917927,0.039527,4.073664,2.318425,3.596058
501.330240,13.707106,7.748843,2.487784,3.727391
403.594285,11.888068,5.546666,2.393538,3.764316
309.613286,10.579121,6.827552,2.708625,4.554905
105.040620,5.144635,5.069691,2.480105,5.190473
437.574095,12.284905,4.515598,2.794792,4.889863
38.225046,2.845275,1.910571,1.674068,4.329595
165.102527,9.121239,3.928169,2.124088,4.483606
288.342999,10.091901,7.104102,2.819850,4.992279
99.560276,6.397252,4.537525,2.220736,4.897714
222.748159,9.400015,8.028139,2.362911,4.923384
52.234254,8.569964,3.789968,3.278088,4.817982
230.846290,10.373316,7.867334,2.789546,5.089446
887.062001,15.997397,5.718321,1.859077,4.404860
2264.628918,20.362319,6.221818,2.109053,5.015194
186.399296,0.434562,8.835713,2.487137,4.840607
149.209938,1.982878,8.380657,1.957932,4.400224
95.948079,4.773543,2.520967,2.667195,4.694762
149.617833,6.106788,5.113416,3.288905,4.737407
473.078528,12.237749,6.498939,2.600407,3.842962
276.540091,10.416479,3.694860,2.023622,4.905581
138.371529,0.228109,5.675646,2.733931,4.700964
135.568222,2.971379,7.476037,1.867038,3.643127
283.391069,10.107881,5.016340,3.072480,3.976228
1693.369188,18.602913,4.394114,2.426783,4.203983
1102.581128,16.359359,8.717917,2.319103,5.038113
357.470717,11.316336,5.591994,2.402826,4.543447
88.039793,2.701173,8.347683,3.814241,5.090182
137.066695,6.752079,4.937793,2.950689,5.256366
93.149327,4.527510,9.675715,2.249160,3.693566
710.604971,14.530596,7.026847,2.384706,3.545740
133.186358,2.143161,7.288196,2.403214,4.518933
97.027523,1.143611,3.551110,3.139757,4.339793
233.110716,10.298749,6.125042,2.605054,3.745566
3660.996939,23.128543,3.572482,2.350747,5.061311
165.469985,0.213243,2.940627,0.753192,5.701407
218.986531,8.806031,9.068058,2.525927,5.049449
1534.202611,18.045799,7.492818,3.180403,4.436183
150.069378,3.740305,3.499727,1.415593,5.743539
440.228423,12.951061,6.926459,3.487967,4.033690
1711.144154,18.922224,6.461678,2.118765,6.407489
229.527442,7.846594,4.275647,2.141910,5.626853
347.994330,11.467300,2.332688,2.174112,3.500175
166.626788,8.850756,4.893228,3.023566,5.220246
282.390901,8.561371,7.033278,2.601373,5.763620
51.932964,4.745831,2.652083,2.399486,3.920053
101.582506,2.690302,6.036082,2.596274,4.934400
1820.237023,19.446600,0.711650,3.296036,4.890239
122.984738,3.856183,0.667911,2.410242,4.505406
70.809693,3.428144,6.167446,2.837080,5.222001
1646.832348,18.803382,4.721400,3.184351,5.125138
199.378170,3.154566,8.106803,2.752848,4.096052
109.918765,3.728847,4.490850,3.054250,4.260073
65.697870,2.891071,4.909051,2.770060,4.952988
76.703975,6.498415,3.863578,2.902800,5.365886
8.390269,2.696114,3.198082,2.597039,4.936699
108.254520,4.850928,1.709734,3.344829,4.774073
115.343880,7.078259,5.337114,2.661361,5.365412
2234.708830,20.211693,2.456822,3.726424,5.344780
2187.061696,20.260069,4.848987,3.105350,5.543031
-3.329976,0.017809,1.856415,2.176857,3.904496
45.158263,3.001825,4.563182,2.548303,4.693262
74.608103,1.509919,1.296619,2.091141,4.622774
-40.003768,0.351950,4.939198,2.039081,5.146705
1040.486714,16.373164,6.088162,2.958819,3.640424
685.776176,14.521974,3.663495,1.494655,3.577118
671.007416,14.831363,5.371202,2.471177,3.187625
23.875813,0.464446,2.646254,1.912177,5.541999
116.916017,7.485935,0.001044,3.200336,4.372609
97.908164,0.526594,4.237662,2.711514,5.015558
85.093424,3.563704,5.905578,2.084657,4.451501
145.517499,8.497607,1.871070,2.202307,5.214192
2963.113972,22.097900,3.358850,3.313091,4.138595
148.750402,4.874846,4.611488,1.944097,4.042905
5524.759631,25.997080,4.711177,2.201452,3.839451
125.258474,5.687344,4.486276,2.731084,4.629245
2391.063620,20.838170,5.460789,3.274574,3.393151
108.175636,0.253916,2.730788,2.473765,3.255587
113.279549,7.085275,5.885380,2.524043,3.512776
64.099900,7.744323,2.511118,2.761559,4.824306
0.489189,7.489160,3.824636,1.950567,5.355493
84.667322,7.320439,6.328872,2.857624,4.126657
4213.367237,24.119982,6.729259,2.531489,4.604777
157.353769,10.363227,1.224960,3.577220,4.380689
231.013807,8.963750,3.714108,2.503527,4.940825
1266.053251,17.246528,5.317443,2.310905,4.468498
166.518442,8.752322,5.910827,2.437022,4.308321
-19.083306,0.934939,0.192002,2.473840,5.140880
148.128021,7.836634,9.173044,3.318879,3.946742
205.828762,6.316055,7.313979,2.462034,5.151381
232.785100,12.250053,2.104146,1.101985,4.913705
224.076429,9.499388,4.433115,2.564963,3.938711
141.921423,2.002649,5.089034,2.477628,4.642719
74.168003,4.578779,5.261108,2.688044,5.405642
28.180521,3.472634,5.371165,2.473811,4.366571
181.110134,8.763904,5.639609,2.612200,5.540571
22.324647,2.670503,6.229526,2.467100,3.903460
1020.861210,16.417001,5.635259,2.307302,3.508012
69.333367,0.512347,3.428292,2.651793,3.743559
174.830644,9.166588,1.781072,2.530162,3.652334
12.699541,5.799522,5.240079,2.543236,4.901841
104.417397,1.807555,4.728973,2.413254,4.640654
120.336982,7.338782,5.376038,2.025549,4.988439
172.084893,7.949297,2.925057,2.846590,4.682794
80.032012,4.252091,3.249361,3.186512,4.226848
361.938090,11.173750,6.141661,1.641654,4.661621
73.610670,7.674711,4.744072,2.924204,3.378322
81.307931,1.002969,8.477513,2.815339,5.178546
199.315476,10.121452,4.943209,2.625418,3.953217
145.737378,2.043765,8.403415,1.767735,4.850908
840.553884,15.994901,5.659993,1.991937,4.536085
429.053111,12.172663,4.216641,2.170535,4.901325
89.202926,4.277350,4.037537,2.766731,3.726931
258.357725,5.334891,8.230750,1.956687,4.645762
29.700284,3.355536,4.985694,2.523962,4.584135
1021.588302,16.587387,5.545512,2.523657,4.104769
74.160783,1.870049,5.379073,1.863111,5.278163
205.161560,3.717573,6.120732,3.275259,4.182346
23.042157,7.841406,3.496794,2.567917,4.013304
419.203883,12.783232,2.117213,2.320285,3.776939
320.401312,11.543758,8.485768,2.365899,4.851783
1026.189020,16.570561,4.682492,2.422916,3.991766
236.000750,9.736257,7.610812,2.760481,4.082873
147.785962,6.828048,8.048646,2.249804,4.544397
849.268297,15.473267,3.256578,2.327161,4.999767
191.858351,9.042963,5.541386,1.971878,4.369682
145.922810,0.536218,9.340940,2.751795,4.726732
-49.091030,4.180249,0.730349,1.801752,4.112018
40.786990,3.713106,6.367442,1.871327,4.037904
1723.390689,18.655457,9.935521,2.319757,4.539295
634.160431,14.178567,5.668406,3.030821,4.373532
111.436300,2.555808,6.476805,2.522571,3.941252
180.437394,9.130868,2.270864,2.353435,4.512810
96.875208,2.192808,7.072766,1.969176,2.439394
1873.110940,19.536315,5.060239,2.155094,4.044115
1166.594774,16.980803,4.217418,2.024072,4.962081
693.847858,14.742128,3.931770,2.550595,5.147947
120.116566,3.120315,5.721232,1.430157,4.186188
4003.362783,23.502823,7.995808,3.074546,4.485703
234.294328,9.539756,5.694904,2.031528,4.008299
2060.641840,19.982417,2.012697,1.704386,4.104624
68.147598,1.262041,5.872200,2.797276,4.518673
189.984244,6.477473,4.674614,1.744855,4.180006
179.192840,9.399139,4.855263,2.844965,3.773472
937.561258,15.736789,5.396417,3.145502,4.731846
83.522772,5.235747,2.406011,3.048261,4.454663
525.942215,12.734556,8.445212,2.007307,4.515666
200.670855,9.368508,3.100920,2.650594,4.354689
79.279616,5.758896,5.027200,2.073426,4.781971
363.133743,11.549417,7.607064,3.321975,4.967204
1656.209688,18.700743,2.461719,2.711003,5.087530
100.973378,1.271019,3.957312,2.429458,4.849507
37.121850,0.837768,3.751073,1.051548,5.111090
48.137452,5.313232,2.904544,2.893019,4.573445
1183.669192,17.089154,4.011111,2.603850,4.000865
61.770003,8.130352,1.947403,2.419161,4.733705
4086.517275,23.891979,4.263566,1.809591,4.690686
479.622693,12.002510,8.249868,2.974454,4.275936
417.421228,12.341390,5.621779,2.879190,4.552269
124.281117,2.675020,5.982395,2.925989,3.732648
191.778791,9.061421,5.680927,2.028733,4.939834
134.128948,8.449032,4.251383,2.736718,4.124640
206.752851,6.567201,6.089913,1.927073,5.131942
84.097665,1.842301,4.534881,2.364081,4.247019
34.038592,0.879419,4.790733,1.981517,4.113393
54.968282,0.638103,4.964853,2.628710,4.671439
1808.905962,19.379308,4.452996,2.494395,3.765778
1350.074350,17.789759,3.274752,2.984554,4.097381
2733.840152,21.337119,6.810010,2.881933,3.780878
1341.203773,17.470828,3.741909,2.040510,5.540901
62.183058,2.349186,5.018915,3.201986,4.206439
104.685434,3.246076,6.194035,1.493549,3.835697
398.526816,11.694538,7.092044,1.978321,5.055804
142.596802,3.370789,5.291427,3.293255,3.500276
203.532196,3.455455,5.807818,2.109068,4.663105
193.441044,6.608664,7.161101,3.567930,4.125664
5888.694189,26.364598,0.516721,1.896648,5.375024
107.542832,2.774775,3.562823,1.947452,3.336146
443.256273,13.092406,3.784442,2.952440,4.964538
445.315610,12.664453,3.057577,2.328847,5.140362
578.008225,12.916604,6.629821,2.754770,3.568680
-51.393497,4.447886,3.828565,2.618217,3.497820
446.142240,11.828033,6.537557,2.085270,3.373298
671.618839,14.910208,3.839559,3.736756,4.698884
253.822119,10.399103,5.689868,3.325619,3.803588
13.187112,7.541125,4.130379,2.622876,3.877640
168.344988,9.219971,7.026437,3.623512,4.022515
-17.150416,3.776246,0.889215,2.860383,4.913865
2164.538667,20.240884,6.096665,3.209969,3.027225
241.671370,6.767196,6.328072,2.049934,4.544789
205.264514,9.092921,5.450872,3.650117,4.521944
1654.306708,19.024204,2.189768,2.173559,4.504204
99.725133,7.321360,5.703422,1.702253,5.584916
323.538569,10.619831,6.716393,2.485277,4.595591
43.683472,6.020394,7.707991,2.519742,5.425495
120.582147,4.697616,8.101195,1.670321,4.368194
14.278523,6.451664,4.169553,2.197075,4.146099
530.997925,13.293129,7.793036,2.803120,4.531893
654.194312,14.124347,7.165987,2.470346,5.019873
1358.832325,17.700878,5.434068,2.416584,3.863656
303.183726,10.604499,3.907566,1.448591,3.146367
201.158212,8.226553,4.423919,2.444568,4.361615
1019.159707,16.145541,4.236984,1.552324,4.746800
114.000770,2.023682,7.132144,2.518952,5.252720
195.953568,10.633377,6.184219,2.531127,3.686691
218.245457,10.816214,4.732466,2.218595,4.937880
416.265430,12.253076,0.079447,3.278204,4.997851
159.286841,6.401544,3.985754,1.672902,2.798530
892.442677,15.823087,6.545652,2.779740,4.026595
849.864028,15.846755,2.966356,2.808936,4.700600
26.429475,2.803377,4.560316,1.184757,4.615207
1304.211814,17.460180,3.740220,2.602384,5.312007
50.160231,5.195458,5.520184,2.338162,3.646813
565.702458,13.332717,5.823201,2.061380,5.300750
330.295603,11.756481,4.606033,2.846020,4.349626
54.778097,3.120656,6.779280,3.108580,5.202340
112.619072,5.865992,4.257765,1.815563,3.875054
74.248494,2.272587,3.037959,2.757962,2.906786
4133.117320,23.782046,6.704462,2.506833,5.043096
99.887557,2.365452,9.312040,2.955052,4.915590
620.320214,13.437873,7.613321,2.317370,5.032455
9404.086461,29.758704,4.021995,2.972914,5.147661
228.200150,8.686278,5.770058,2.285156,4.505739
251.437167,9.538297,3.809824,3.251985,4.374532
165.021220,10.862559,0.036605,2.529780,4.306934
169.912045,2.703192,6.836509,3.219330,4.298475
79.770327,1.716294,4.218733,2.487636,5.079299
1968.977694,19.522053,4.059890,2.656215,5.848983
194.539894,8.100156,3.946212,3.190276,4.217012
16.057949,3.030896,3.330685,2.450641,5.219713
98.518218,7.876930,4.429767,1.826745,4.294466
196.583720,3.772585,5.731749,3.267043,4.097558
1784.196850,19.060508,4.565426,2.607825,4.435118
704.159626,14.614905,1.458690,2.666470,4.270902
445.768825,12.416210,4.594845,3.208411,4.310152
2641.299481,21.155696,5.808945,2.349845,4.941270
37.398860,5.063474,7.056751,3.537241,5.093635
1822.202411,19.220345,4.542522,3.928837,4.996686
260.040212,10.378716,4.755173,1.913995,5.616791
1361.709237,17.714927,5.399805,2.512039,4.075884
147.481371,8.573323,3.489998,2.893781,3.830346
84.364287,1.361339,6.333541,2.209605,4.388964
647.855602,14.469777,4.261225,3.086585,4.882241
481.708095,11.748657,8.014906,2.408467,5.236798
192.388683,6.074393,5.833429,2.351631,3.474026
123.190703,9.240332,0.550124,2.032473,4.211509
1227.399237,16.862663,8.056750,1.956829,4.993458
48.884728,3.220940,7.304830,2.157499,4.921316
853.996802,14.912515,4.789195,2.420896,4.385696
132.096808,9.957805,3.895597,3.105594,4.216003
108.022612,3.700235,9.359821,2.095096,5.227554
1868.341000,19.352816,5.999007,2.424275,5.052459
-3.170998,6.410846,8.931118,2.319628,3.937629
162.796550,2.259265,7.797872,3.267278,4.312978
3.434763,4.514419,5.362187,2.185047,4.631201
1284.598594,17.656449,6.274261,2.439178,4.936735
160.736339,10.784060,5.297989,2.379204,4.693621
154.542057,0.712026,4.248064,1.754292,4.795449
3423.111354,22.950077,1.719311,2.865798,4.344670
197.779606,9.674311,3.292684,2.645578,3.810929
932.590211,16.170604,6.659728,2.714422,4.875911
529.573340,14.024697,3.884196,2.362817,5.059518
141.775771,4.051573,4.316987,2.477276,5.982417
97.695263,4.360732,4.717852,2.671594,4.895451
758.442618,14.660856,3.408625,2.597639,3.936889
625.891024,14.447549,7.619502,2.280084,5.103230
55.894627,4.150584,3.534735,2.474997,3.512858
765.525470,14.851321,5.232437,3.081678,3.314901
145.229633,7.742976,4.720684,2.850116,4.258348
207.960823,8.330199,1.368357,2.846977,4.748450
144.805615,6.654738,2.087420,3.596320,4.057259
533.116815,13.635925,5.475276,3.233485,3.938802
743.507364,15.024020,2.085039,2.262125,4.828918
103.602918,3.179427,3.983994,2.419252,3.779909
305.763006,3.296935,9.448269,2.698321,4.475658
198.656292,10.376815,5.573092,2.199156,4.683661
117.060834,3.621912,6.819265,2.182624,4.865980
95.142951,4.070760,8.326708,2.602720,4.324725
1355.660589,17.785784,3.356656,2.437401,4.959045
947.058229,15.620628,4.722067,2.368201,4.307583
1044.821166,16.353915,1.608491,2.435124,3.795780
225.757710,8.452743,5.994890,2.855318,4.819664
196.404143,6.286680,6.973139,2.875799,4.024449
-22.673770,3.939232,3.402595,1.279846,4.364212
175.530322,10.176824,3.638102,1.621995,4.237800
242.845189,10.642045,6.570706,2.252247,4.280969
234.082677,8.701811,9.100728,2.565787,4.722376
89.044961,3.910501,4.291909,2.042831,4.371504
556.858515,11.988515,5.373170,2.405017,4.286789
150.591736,7.240280,8.151653,2.750550,3.755657
48.384985,3.970096,1.410738,3.081468,4.403133
424.673631,13.184436,4.345682,2.201868,5.688531
223.361577,8.746976,5.105541,2.698581,4.110914
244.472514,10.499657,2.374743,2.345786,3.895588
339.712502,13.118664,0.055973,3.245624,4.703683
58.668692,0.338055,7.318793,2.344228,5.029875
1189.935132,17.064912,5.182549,3.177281,4.317666
194.522745,8.352893,7.733722,2.267625,4.173774
147.129305,9.063763,4.670130,1.104850,4.140521
67.499878,6.751717,6.214071,2.307960,4.843279
131.281279,0.415958,10.536928,2.943833,5.402012
196.136766,5.238381,8.583274,1.895187,5.086371
77.074465,0.417780,4.951110,2.621557,4.811406
287.306614,11.383120,1.297415,1.756229,5.533562
60.196727,5.044722,6.391164,2.561826,4.657200
311.881893,11.251778,4.638332,2.739488,4.384834
3584.598107,23.149929,4.782568,1.128539,3.996515
6384.350678,26.892095,4.555529,1.769865,4.674266
670.183766,14.178543,4.506145,2.989770,5.571334
99.005909,3.835915,9.115642,2.372708,4.523483
1.493828,2.409272,1.203719,3.870564,4.283880
4631.520562,24.777072,3.043030,2.869544,4.355665
139.668743,7.209410,3.022089,2.280221,4.774998
328.017138,11.673411,5.236589,2.258694,4.376766
26.288767,4.515005,6.140674,2.197552,4.624194
7470.678871,27.963300,8.398345,3.238528,4.412054
-44.965144,1.369897,4.135466,2.109258,4.405421
155.366651,3.474041,0.914433,2.743689,4.497807
75.188414,1.972896,1.783051,2.163703,2.908471
338.244262,11.784865,5.959728,3.664622,3.619735
90.330891,8.736453,3.726101,2.905988,4.042148
71.787956,5.329025,6.363195,2.178899,3.740228
195.853878,9.204670,0.959388,2.090873,3.708268
205.996433,9.326298,2.440536,2.072129,4.319042
1179.167705,17.031584,1.779708,1.997771,4.753549
72.384780,0.577612,1.710203,2.331196,4.082404
1573.333582,18.466706,7.031390,1.573888,3.587573
1566.904405,18.255336,4.716836,3.437211,4.348786
127.778915,4.370159,6.020389,2.075020,4.268383
174.447206,0.735570,6.110011,2.742683,4.652778
57.831375,3.303808,5.688998,2.535506,3.800888
9.088904,6.170595,5.891092,2.173351,3.790985
109.213344,6.872747,6.293496,2.393019,3.689495
203.071036,9.083958,0.692558,2.343170,5.271529
148.712702,6.478665,5.190996,3.272826,4.244214
108.245512,7.325435,2.196967,3.068661,5.467870
239.961442,7.460272,5.254130,2.097102,4.927487
289.785090,8.541530,7.284102,3.123929,5.067644
2541.850272,21.103018,4.631367,3.136345,3.735390
643.086343,14.577438,2.656110,2.090982,4.554195
74.068681,1.476774,4.576343,2.234033,4.963292
-23.916128,5.939818,2.113790,2.379089,5.532798
34.213702,4.190704,3.783649,2.167523,4.140221
232.840716,10.120804,6.405701,1.823135,3.744365
209.621146,0.923638,8.427232,2.197532,5.103414
504.379353,13.375992,4.549069,1.764351,3.765661
215.039091,5.254700,7.420006,2.715992,4.119065
514.316136,13.263017,5.236689,2.725329,3.872812
3306.626794,22.578772,7.373055,2.301035,5.019142
1643.595032,18.991135,4.239742,2.067171,4.162203
165.729100,6.715297,6.255887,2.774078,4.500564
386.933638,12.191369,3.107013,2.009528,4.174970
16.687929,5.221080,8.285924,3.075269,4.772550
94.482739,0.046892,5.025558,2.900297,4.239858
388.524297,11.729068,5.514716,2.725637,5.050883
614.607786,13.930838,5.459600,3.211510,3.741848
224.872843,8.800132,5.385911,2.690947,4.524809
737.118544,14.686208,0.958795,2.344279,4.479050
117.532685,2.719976,8.624446,2.259057,4.828895
2536.414185,20.920069,6.065763,1.976494,5.291857
3223.115338,22.467783,4.588741,3.240787,3.650552
1475.088028,17.842400,5.400763,3.003777,4.423801
58.694517,5.082958,6.743764,2.324146,4.218534
816.067232,15.286564,1.483655,1.576083,4.958939
-48.632283,1.130225,2.816311,2.281189,4.621285
296.052592,8.614945,8.322981,3.313815,5.017849
45.100893,1.830144,1.012565,2.838754,4.463842
130.038012,4.813680,5.409566,2.393853,4.273326
191.997826,8.183262,3.640003,3.284942,5.167699
82.003420,8.496777,2.042543,2.346623,5.255063
139.881980,3.994731,5.716188,2.556849,3.451390
-14.820839,2.031018,5.205519,2.984671,3.457170
625.382878,14.507133,4.659318,2.227472,4.955437
51.629357,7.344763,1.331248,2.954180,4.327541
126.196761,1.895798,2.691095,2.650539,3.990432
971.572777,15.714484,7.467543,2.313746,4.846051
5312.774592,25.665097,6.500342,2.147517,2.866614
310.000525,11.576845,5.957644,2.915641,4.888629
318.162083,10.726611,5.898489,2.807785,4.648332
207.881709,0.332302,5.388632,2.703086,4.599867
188.869923,6.602570,5.308365,2.449864,4.331320
290.992826,9.860196,7.445034,2.410532,5.581835
244.960428,10.608325,3.214464,3.131852,3.860890
6.607104,1.096629,5.206248,3.204607,4.026954
1446.256965,18.084623,5.043050,3.322297,4.893207
435.476633,12.803566,0.926933,1.367158,4.869386
169.853664,7.002773,4.575308,2.432322,4.956809
522.435600,13.981952,4.340076,2.841854,5.204431
-99.832376,4.874595,5.192267,3.138097,3.829251
87.212518,4.410658,7.347035,1.972358,4.620759
150.245374,6.631386,5.220767,2.436217,5.025435
-19.361333,3.067309,5.092975,2.763072,4.380493
77.743021,3.800601,5.175834,2.331004,4.321943
639.439073,14.390809,4.697369,2.831685,3.974461
1497.102372,18.273963,3.270109,1.285364,5.122442
161.360898,7.782999,5.506232,2.387773,4.669777
30.499707,4.637185,4.321612,2.430572,4.138684
2191.569189,19.936369,6.345733,3.193986,4.822074
807.701802,15.601348,5.766472,1.924698,4.294582
29.763049,1.509083,4.884741,2.291849,4.750351
159.084946,9.508835,2.670465,2.868755,4.122075
790.863523,15.207820,7.085852,3.122146,5.453954
58.590583,1.837902,6.432496,2.443583,4.205086
881.205159,15.789103,4.470051,2.116055,5.183783
501.863007,12.941966,2.266968,2.966464,4.999857
2181.182695,20.083578,5.959541,1.210790,4.876368
271.528991,8.962772,3.081689,2.730425,5.346740
73.772909,5.467506,3.008337,2.712073,5.151595
248.318691,11.241380,5.094838,3.188307,4.318694
95.549966,1.025385,1.538898,2.767697,4.147571
72.403815,5.824618,1.381265,2.301948,4.872012
1452.590491,17.824697,4.850031,3.325060,5.230884
720.324495,14.022747,6.295676,2.202793,4.593563
288.389433,8.409725,8.402215,2.608437,3.685067
823.328026,15.297085,5.217837,3.101991,3.934932
0.214633,0.574375,1.900429,2.227919,5.376551
48.428965,4.983449,6.416800,2.999999,3.952694
212.540423,7.912374,7.164541,2.520901,4.671769
1636.245714,18.454705,8.925106,3.447659,3.388939
2393.429849,20.529318,5.171371,1.766584,4.033955
87.041904,5.086454,0.631773,3.406456,4.377508
1105.545975,16.896363,6.327285,2.429222,5.270906
60.892673,0.005096,1.513551,2.654190,4.961454
173.965409,8.327138,6.002666,2.858126,4.322970
1060.986433,16.977693,4.790788,3.054321,4.873889
110.269613,5.433843,5.709292,2.086620,4.794194
1090.332525,16.730848,5.463217,2.650180,4.973550
3246.732782,22.535863,4.302350,2.340445,5.206169
-35.826568,2.972188,4.718663,3.387791,5.096093
148.348857,1.923191,0.567273,3.612815,4.809484
234.943678,7.921707,2.180109,3.149268,4.211652
106.751513,4.824424,0.620696,1.867400,4.002958
184.704234,2.712200,7.847522,2.305198,6.057157
193.787195,9.136585,7.474289,2.914577,4.987284
197.105094,6.277222,5.686115,2.681686,5.345736
1393.456736,17.920868,3.426786,3.338437,3.920694
117.098878,8.331125,5.087619,2.246386,5.092624
-47.559667,0.101220,4.544877,2.826893,4.098820
46.821493,3.297756,2.798833,3.552045,4.371346
5856.283161,26.252243,7.682926,2.422508,4.301760
-14.434199,6.977568,0.513190,2.710291,5.290040
1568.209261,18.246299,9.599630,3.152560,5.550860
374.066834,11.692551,5.615701,3.219598,3.282958
905.776373,15.385016,5.844952,3.165195,4.742354
91.854288,2.451333,2.887575,2.068701,3.449876
-6.998009,1.470981,2.232138,2.360573,4.209927
730.183750,15.119741,3.116973,2.255442,4.760943
89.023562,3.274133,3.271148,2.715178,4.821739
99.981505,8.643708,3.405523,2.656056,4.663847
172.122601,8.742605,2.824898,2.150500,4.619870
623.754395,13.865407,2.952485,3.363321,3.143110
191.823431,6.147524,5.715001,1.710938,3.796739
74.522141,6.433533,5.162010,2.395193,4.919109
220.336343,2.582345,8.098245,2.179789,3.648504
174.746097,9.436927,8.696751,3.323105,5.035756
494.824823,11.958540,7.959123,2.431253,3.249961
156.840634,9.435827,2.848191,2.957206,5.190329
39.664372,1.193251,3.033943,2.217147,4.313303
-17.566513,2.571717,0.629081,2.106008,5.682933
108.621407,4.510077,4.686095,3.050711,3.645700
174.507011,5.775837,7.218500,2.903575,4.614869
99.044729,9.934793,0.119364,2.869641,3.282742
722.594540,14.935890,7.337957,2.690490,5.288871
681.046303,14.876253,6.251724,3.155551,4.763625
36.667369,2.306475,3.829263,2.933242,3.880912
255.143179,9.960909,5.928800,2.323215,4.133339
163.011402,4.366492,4.238616,3.369875,4.848526
201.973247,9.577830,4.867275,2.971187,4.244691
113.206227,6.003431,8.868103,2.468534,5.456787
38.978492,3.566441,5.285660,2.009356,2.720575
-53.925247,3.319950,3.815709,3.138402,4.393082
233.716043,4.642392,3.619393,2.012810,6.230585
136.949358,1.742226,5.649803,2.576054,3.711640
247.302123,10.788245,2.623077,2.794727,3.981776
2098.146555,20.046363,6.412922,2.631185,4.135754
239.862109,10.632553,5.129758,2.552277,4.324220
99.026879,0.470778,2.815573,2.217874,3.748033
411.571888,12.382596,5.762751,2.831166,4.404075
559.748914,13.526193,6.746773,2.111064,4.403294
814.041075,15.247229,7.508570,2.040669,3.614298
215.464028,6.340223,6.738024,2.383140,4.883680
398.566925,12.754780,6.465049,1.894438,3.670459
96.978823,5.937828,3.148280,2.386409,4.156622
604.420331,13.978900,6.103029,2.529640,4.662367
1409.950762,17.864366,3.330869,2.534773,3.696729
407.737889,12.866144,7.742139,2.830253,4.059825
87.444138,4.383238,1.735196,2.912870,3.631532
370.722465,11.726543,5.102194,2.421438,5.760320
113.124543,1.468366,3.359900,2.034658,4.885217
82.748765,4.061649,2.670206,3.476616,5.011673
129.158013,6.917055,3.703851,2.066090,3.531268
44.517052,4.315362,5.650252,1.987612,4.810106
121.192868,7.649897,3.398354,3.033667,4.205577
169.948538,8.206521,0.855945,1.958876,4.511146
887.711244,15.256267,6.135598,2.693763,5.167534
329.302028,10.938848,5.442996,2.193226,4.035423
66.413125,4.669855,3.388168,2.361384,4.713012
8934.656175,29.304562,6.217386,2.052500,3.790979
1234.093224,17.226249,4.212283,2.164891,3.870429
367.876975,11.770317,5.261941,3.024602,4.210175
530.696882,13.498366,3.186786,2.669614,4.746889
128.789024,9.733684,5.110875,3.478558,4.423114
233.048842,9.780229,2.502039,2.062681,4.552032
217.569525,5.394160,3.894410,3.306071,4.798016
43.461277,3.973936,2.747423,2.327402,4.639249
2115.714062,20.193357,2.629692,2.600108,4.377294
147.845731,9.059642,2.480225,3.527505,4.359712
86.371182,4.696470,6.459441,2.487269,3.676056
114.348114,7.666109,3.501389,2.281465,4.250884
-41.800989,2.944552,0.641869,3.101831,4.770586
1253.285923,17.033746,7.423932,2.215028,4.074511
131.425356,9.323624,0.223148,2.142150,5.426744
95.935169,5.043931,5.410511,2.694181,4.129974
173.765965,1.483357,5.498723,2.617160,4.493232
171.734528,0.333979,0.995348,2.818920,6.033038
-33.459722,2.222810,2.486092,1.810519,3.967077
108.964011,5.977821,3.269047,3.581820,3.936167
82.485677,7.083353,2.136422,2.099108,4.610853
132.560546,10.225821,3.740260,3.047302,4.400231
77.255236,3.989189,6.109983,2.604866,4.885815
171.375637,9.540914,1.817760,2.991505,5.194173
4703.105884,24.722107,6.445472,2.352123,4.067411
186.367938,10.114315,0.985330,3.290829,4.868938
268.357409,9.942068,0.973797,2.385427,3.947597
166.136530,1.635916,5.028072,2.159632,3.968971
745.469475,15.175519,3.316400,3.230777,4.325365
141.787893,5.092392,7.138789,3.247238,4.724426
959.440962,15.683373,5.896650,2.416008,4.440321
-20.961017,1.293248,5.169772,1.994940,4.814837
22.734215,6.412776,3.517717,2.577987,4.591141
2743.403943,21.667593,4.734465,2.549306,4.908089
89.186700,4.440225,8.259538,2.555372,4.758573
578.530760,14.179626,5.578648,2.467819,4.590587
166.033863,3.991741,7.251578,2.782976,3.745593
77.421556,2.031855,3.339003,2.318562,4.390408
129.917795,7.385019,3.085074,3.410483,4.449473
569.302382,13.690280,3.025579,2.913998,4.321201
4608.551021,24.845867,1.560787,3.173827,3.912516
193.102944,9.790012,4.497010,3.063618,3.823160
156.075573,8.668062,5.792659,2.681817,5.927789
208.539938,6.303177,8.623087,3.434736,4.237153
163.553324,4.378165,7.759093,2.107533,4.988802
121.194397,4.045710,3.507883,3.306970,5.429188
182.274575,8.047341,5.667752,2.497344,5.250059
170.826366,7.928843,5.307543,1.307197,4.760582
60.508570,2.705408,3.955078,3.095953,4.137827
1289.018822,17.922324,2.303951,2.430324,5.039916
137.935435,6.208652,3.150326,2.983079,4.875140
13.680193,4.157895,6.573612,2.193553,3.949407
198.553739,8.200010,6.688613,2.486485,4.953115
113.755444,6.637349,4.554519,2.764893,3.626779
117.199224,0.038435,3.278448,2.283666,3.801696
2331.765574,20.428664,3.667933,2.507696,4.805800
305.262683,9.581869,4.613048,1.680823,4.998195
205.217572,6.847983,6.590468,2.899401,4.441353
412.679479,13.454412,3.136017,2.518997,4.597510
354.654209,12.694534,2.832187,2.369781,4.955258
74.562648,4.556869,0.197747,3.598661,4.325738
731.466117,13.748305,8.698332,2.728931,4.974777
730.256633,14.357965,4.436561,2.205162,5.895255
121.465871,5.019111,8.997136,2.974727,4.998795
100.647607,7.405045,3.788466,2.944756,3.649499
3.583819,0.732473,0.892779,1.923720,3.917869
1958.323557,19.720018,3.160324,1.396627,4.032847
155.007851,6.247132,0.191690,2.369884,3.791136
398.368896,11.982080,5.157664,3.002220,4.340544
1097.890321,16.572103,5.472913,3.051839,4.499677
231.556553,2.920479,6.150083,2.625451,5.495264
89.531028,6.792171,5.734919,3.050212,4.782498
213.829348,7.818664,5.087501,2.703237,4.255151
212.787804,8.561596,4.264032,3.620013,4.124079
233.137335,9.296432,1.937953,2.389878,4.379235
533.991663,13.193437,8.751264,2.046766,4.257048
156.188169,0.616885,6.356129,2.921552,4.931098
82.428319,7.223708,5.469863,2.557319,6.192099
1504.463513,18.634495,1.024266,1.584556,4.610541
187.722970,4.764758,5.572040,1.984436,3.132868
425.704088,13.215393,7.051336,1.912103,3.925912
370.385089,11.804117,2.922774,2.977349,4.256997
92.749841,6.017310,7.244042,3.009658,4.074356
761.837377,15.234444,7.925682,2.452645,5.054261
125.208238,4.097244,8.341428,3.055900,4.834051
85.576048,5.211358,2.088838,2.888289,4.637993
10.499679,1.802918,2.433224,2.949111,5.266701
379.374644,11.042598,1.240140,2.744911,4.348098
1952.195476,19.342927,7.866197,2.665441,3.946366
211.492042,9.532984,6.730779,2.729447,4.396054
328.671385,11.035313,7.311818,3.138663,5.104410
1233.720441,17.226044,3.255893,2.906616,5.168183
315.186825,11.281524,6.024092,2.306116,4.405623
2066.602969,19.852632,4.788569,2.244380,4.645484
257.086465,9.908840,2.934358,2.878615,3.671188
1518.352720,18.040711,3.754710,2.716910,4.015474
1169.488997,17.351893,1.762136,2.554575,4.216798
459.197510,12.784880,7.805082,2.594668,5.104580
132.335478,6.677728,2.954648,2.275207,5.399355
153.808936,1.633788,5.014644,3.566043,3.996952
10525.132077,30.664101,3.915053,2.820209,5.376397
110.781761,5.159423,7.088587,2.383236,4.779102
1296.793477,17.516131,6.296463,2.595489,4.414779
35.891735,0.519836,1.941637,1.974911,4.252207
94.814131,5.915191,4.543198,2.529727,5.110929
219.425167,1.860035,5.384887,2.366900,4.711230
153.715269,7.859799,5.474645,2.762681,4.342311
407.367199,12.550913,5.622860,2.580288,4.236307
1793.193375,19.022468,6.352035,3.218078,4.798622
2642.264564,21.240926,6.865811,2.134949,5.280057
-14.396278,3.538289,1.137822,1.796355,4.083717
-20.067737,2.078572,1.574725,2.377136,4.645200
137.035402,0.756820,8.771772,2.700593,3.981179
516.303507,13.768450,6.454141,2.620634,4.217614
139.342795,8.086153,5.733910,3.329784,4.528087
668.446889,15.166561,4.579378,3.266500,4.717072
14.625060,2.805391,3.891139,2.473211,4.405562
427.506882,11.226509,4.817617,2.610938,6.086310
120.209041,6.231774,9.295177,3.563308,5.253521
121.758377,8.010308,3.284232,2.992853,3.966428
121.546826,6.425347,6.112201,3.487500,5.053745
299.745955,10.264094,6.957518,3.525693,4.641686
2157.035007,19.888242,4.835413,2.746743,4.892150
259.373366,9.530238,6.894324,3.526286,4.914648
563.387403,14.112010,4.771334,2.682056,3.638471
179.564430,2.616232,8.109904,3.033274,5.187140
97.012395,6.749643,0.691565,2.283702,3.808140
796.992759,15.118229,8.346547,3.285738,3.554310
2349.459562,20.493262,6.579930,2.561098,4.589898
296.995510,10.542506,0.042026,1.497503,4.719391
177.432173,6.685828,3.092843,3.329172,4.915816
119.631145,0.469267,4.040125,2.329618,5.270230
47.976881,8.882637,3.576535,2.848962,4.423246
42.119122,0.327326,7.267145,3.392168,4.216782
194.435656,1.223188,4.108825,2.424989,3.863245
1370.026356,17.661572,5.754805,2.629669,4.648278
141.619768,0.312140,3.515415,2.838967,4.726250
168.961723,8.841202,3.699711,2.409522,4.672506
802.643784,15.132656,6.219664,2.835162,3.499623
201.366851,6.060278,7.020310,3.159438,5.721481
1790.623551,19.071442,9.102805,2.566833,5.347796
140.650475,10.168286,2.205377,1.718591,5.000271
-3.083854,1.316192,0.759345,2.884605,5.320284
112.103337,1.561913,6.470324,2.182660,4.289599
-63.623893,2.481686,3.206080,2.314255,4.663261
1305.925142,17.910012,4.838196,3.034345,3.789383
98.393186,1.827004,8.068293,1.711521,4.897154
528.632110,13.171308,3.465090,2.710847,4.771091
155.051123,8.581264,7.614992,2.452006,4.632483
641.041698,14.671996,4.234706,2.519589,3.354511
156.006212,0.250958,5.209836,2.034787,5.109516
827.273138,15.696125,2.848113,3.015428,4.961976
426.221119,11.139255,3.323436,2.294498,4.045517
28.131044,4.073352,3.733705,2.042235,5.098447
3588.618978,23.164923,4.634312,2.479891,3.652353
2478.530648,20.833901,3.776534,2.775826,4.186669
26.491040,5.998961,3.734678,2.499941,4.125800
99.226363,4.205633,3.190561,2.425305,3.815088
955.114290,15.836402,4.298185,3.467583,4.828517
-63.134355,2.713022,1.991943,2.749452,3.629469
142.800147,3.013463,2.469104,2.006474,4.645720
121.740505,1.176021,7.182640,2.847640,4.724472
924.121744,15.601824,6.370094,2.766878,4.770201
1157.261054,16.634380,7.911448,3.503318,3.623946
2868.610712,21.618265,4.634050,2.821026,4.230057
145.569422,1.839460,1.998526,1.585082,4.753525
391.951239,12.725279,4.282142,2.411500,5.750050
566.835919,12.959646,2.897152,2.320026,4.939940
1392.425247,18.004880,2.655367,2.786668,5.330016
160.175330,8.450980,5.639863,1.990885,4.273232
610.595447,14.416487,5.495270,1.929339,3.550002
1389.119852,17.800605,0.976754,2.688549,3.923136
776.055078,15.472900,4.574440,3.133466,4.407033
1426.384359,17.905797,2.404835,2.651361,5.371973
1278.745015,17.658211,5.415665,2.496379,4.864861
327.311679,10.359677,8.592108,2.351896,3.569770
162.943037,6.107997,8.143352,2.351113,4.466542
306.569835,12.226445,5.956533,2.747247,3.261802
41.862653,1.575479,0.919923,2.242453,4.850852
549.433916,13.985489,2.051455,2.493780,4.330163
246.966015,8.707253,6.954565,2.365007,4.405663
52.348985,5.562181,3.610244,3.602001,4.087168
27.311792,6.673817,2.461152,2.036877,4.399348
68.188865,5.462794,2.907491,2.807446,4.747852
332.223199,11.628341,2.237066,2.777318,4.356500
59.041183,0.960315,3.706698,2.954130,5.095134
2701.860674,21.181232,5.835695,1.979029,4.372493
431.173421,12.192414,5.217032,2.354588,5.304426
5803.915879,26.176439,7.605142,2.287730,4.646311
28.711169,7.469675,4.875658,2.406003,4.550272
1127.682093,16.947609,4.559456,2.665071,4.148183
40.547527,7.488838,7.112218,1.643399,3.057204
119.091277,6.768583,3.300556,2.386332,4.291561
168.261181,7.375753,4.314739,2.634613,4.521054
197.544781,1.119659,7.062893,2.279747,5.116661
181.505411,8.381214,4.044843,2.695677,4.769659
322.839839,9.845813,6.296791,2.093062,5.513846
157.900478,6.245493,1.896917,2.990135,4.092446
90.155557,2.124553,5.901691,2.950633,5.140535
93.704397,1.210865,3.043522,2.437658,4.532279
131.473336,1.001219,5.920349,2.096251,3.920694
3100.344415,22.189892,3.139588,2.727554,4.088187
705.821507,14.538846,7.015511,2.205976,3.136525
1690.201623,19.246502,0.251233,2.530288,4.232633
157.950031,3.705747,1.360702,2.994596,3.939769
520.338138,13.280030,5.329396,2.568678,4.521933
1164.482221,17.138099,4.803165,3.112730,4.329644
515.922137,13.542454,4.517060,2.757283,4.777780
151.331528,7.070823,8.220563,2.931738,5.610667
2506.850664,21.002775,4.192024,2.521674,5.269830
534.168201,13.334272,6.658224,2.254390,5.205703
148.349173,8.563256,3.641579,2.262939,4.726320
3254.329145,22.432651,3.874810,2.861019,4.437207
1210.382568,17.684981,4.679592,2.714972,5.235628
130.472488,5.571271,2.726860,2.087720,5.282435
1280.579871,17.709518,3.094181,1.872575,5.042260
84.876631,5.221166,1.275284,2.178498,5.115205
746.612177,15.366047,7.859058,2.094889,5.092767
2135.123947,20.191047,3.926962,2.243664,4.699815
78.446004,1.525898,10.743194,2.227536,4.625026
116.066869,0.342273,5.527263,2.472332,5.367244
72.419819,7.515852,2.622259,1.890814,4.227103
8.371313,1.406683,3.410223,3.136808,5.046041
42.004414,0.781840,3.500906,2.733732,4.107817
72.870093,0.167865,0.555070,2.257670,4.871846
416.585070,12.367937,4.592692,2.260178,4.526278
1467.969320,17.675233,10.500536,2.548728,4.258703
2323.578572,20.690642,2.575724,2.593526,4.763019
89.118659,4.286145,2.687062,1.881892,4.973555
272.701151,10.781420,1.486470,2.073628,4.228602
156.106730,5.573094,5.418715,2.095314,5.617595
1570.614794,18.382066,5.011181,3.066202,4.155757
181.574241,10.772015,2.372413,2.407900,5.219165
303.490761,10.117186,5.288762,1.826926,5.090990
227.025044,7.437493,6.117105,2.088449,4.531031
116.040118,9.203906,3.325884,2.657680,4.149566
202.268216,4.409631,7.888593,2.443450,4.413543
1842.241441,19.144388,7.689611,2.721086,4.677787
188.855949,8.459013,4.709054,2.240956,4.032775
1269.842466,17.744798,2.122548,2.120730,4.276598
564.850529,13.672236,5.039458,2.246587,4.790633
476.306320,12.990429,1.967738,2.964952,3.894901
232.693988,10.684573,1.395703,2.035133,5.504693
199.507923,7.017886,5.870963,2.711284,5.834488
4853.131182,24.883197,3.996353,3.041220,5.040856
249.842456,10.169240,4.435124,2.913999,3.800022
111.088251,0.439614,2.338125,3.097715,4.568608
296.591294,11.035915,7.922178,2.011756,4.904626
300.335316,10.880611,4.578818,2.630423,4.810566
343.071333,12.209879,5.865233,2.559610,4.698855
147.408537,7.334018,5.088646,2.867088,4.348623
74.890996,6.685488,3.297762,2.831960,5.031180
104.785246,3.161018,2.059167,2.695198,3.070851
262.810940,9.311602,9.693154,2.452303,4.882909
86.956171,1.177718,4.912251,2.224824,4.768691
7193.625437,27.715230,2.441988,2.557198,5.070228
180.562502,11.102645,4.852445,2.084058,4.181282
155.690367,4.557470,5.195812,2.184695,5.581805
1082.411015,16.369698,2.202528,2.289755,3.751349
-5.587114,4.987104,1.465566,2.320130,3.388390
86.639061,7.545577,5.148149,2.884455,4.949693
214.356902,10.450609,3.193102,2.768496,4.142714
565.349026,14.071488,7.030583,1.628444,4.461507
351.190131,12.034471,3.037544,1.853071,4.993118
168.353304,8.614862,3.104886,3.213483,4.203292
375.651130,11.939174,7.046006,2.460147,3.848248
23.194310,5.271889,1.786927,2.051326,5.118268
183.561906,8.172294,6.199319,2.690131,5.493770
275.610237,10.936521,4.393489,2.612589,4.230716
91.898079,9.157937,1.555198,2.724095,4.311929
147.351173,8.422461,9.617828,3.418847,5.179104
838.017159,15.864575,5.457839,2.873627,4.318957
232.240426,9.030498,5.590979,2.665497,4.122157
98.517236,9.812784,7.380229,1.803224,4.823199
3693.242759,23.558855,2.763788,2.426805,5.219856
1893.057632,19.545934,2.893895,3.311403,5.086271
101.024946,3.289723,3.732062,2.657321,5.268880
-17.500178,0.774783,4.581336,3.634158,4.456366
166.322067,7.127561,8.398929,2.378464,4.218923
76.625620,1.428686,0.182018,2.691497,3.820995
102.921481,7.098718,3.297534,2.469052,4.519035
819.404212,15.627161,4.142894,2.254723,4.010809
171.336180,6.812922,2.814558,1.848277,4.155840
207.057213,0.365744,4.518299,3.047746,3.705561
33.018725,0.070414,2.364201,1.685845,4.094810
487.293246,13.390363,6.431443,2.131468,4.969274
226.932957,9.641582,2.356675,1.376368,5.193043
68.440727,4.592655,2.536824,2.020822,4.518271
101.500442,2.889258,6.663154,2.630389,4.296920
860.251490,15.510095,6.744461,2.356592,3.072164
257.724165,11.847493,5.619173,1.911793,4.904435
-42.112748,4.574663,1.010866,1.905316,3.738550
94.163652,7.008250,2.842166,1.988954,4.361465
40.535835,2.766610,6.864391,2.276767,4.818786
4012.840999,23.948757,4.793835,3.287417,3.796322
29.673237,4.265605,2.663374,2.375200,4.543073
138.963040,8.390706,5.615270,3.318041,4.189907
164.491071,4.362916,8.545597,2.008434,5.246010
239.248160,10.946783,2.053840,2.756503,4.032718
366.818741,10.383106,4.672487,2.926119,5.271708
27.585504,6.947516,0.592513,2.125766,5.062498
514.852399,12.215655,10.340311,2.827361,5.073400
61.608424,2.938159,4.351095,2.916981,4.538002
350.557126,11.697846,4.018865,2.036683,4.941407
611.258830,14.414195,5.190383,2.919914,4.614657
127.798017,0.237733,7.185697,2.398523,5.163880
4323.709804,24.365432,3.540054,2.649608,4.072311
85.800093,0.030053,5.148131,1.879338,4.447913
1747.009103,18.950145,2.108915,2.035730,4.867772
54.420290,1.427276,1.706886,2.964738,4.783006
198.874347,5.936727,5.846114,2.887668,4.035877
965.596349,16.154841,1.972040,2.330114,4.94814